{"cameraMode":{"drawMode":0,"name":"Shaded","section":"Shading Mode"},"sceneLighting":true,"audioPlay":false,"sceneViewState":{"m_AlwaysRefresh":false,"showFog":true,"showSkybox":true,"showFlares":true,"showImageEffects":true,"showParticleSystems":true,"showVisualEffectGraphs":true,"m_FxEnabled":true},"in2DMode":false,"pivot":{"x":1799.5330810546875,"y":1042.6331787109375,"z":14.795257568359375},"rotation":{"x":-0.12447536736726761,"y":-0.013113249093294144,"z":0.0016455306904390455,"w":-0.9921354651451111},"size":81.39410400390625,"orthographic":false}